Product or Service,Price,
Dog Vaccination Package,$65.00 ,
Cat Vaccination Package,$55.00 ,
Rabies 1 or 3 year Vaccination,$18.00 ,
Parasite Treatment Package,$75.00 ,
Microchip Service,$15.00 ,
Basic Teeth Cleaning and Exam,$100.00 ,
Strong Joints Dog Supplement,$5.87 ,
Healthy Coat Dog Supplement,$6.44 ,
Probiotic Dog Treats,$8.89 ,
Small Hypoallergenic Pet Bowl,$6.55 ,
Large Hypoallergenic Pet Bowl,$8.14 ,
Cat Hairball Remedy Gel,$6.00 ,
Probiotic Cat Treats,$7.89 ,
Here Kitty Kitty Organic Catnip,$7.75 ,
Calm Cat Anxiety Relief Spray,$9.49 ,
Medicated Dog Shampoo,$8.73 ,
Strong Joints Cat Supplement,$5.53 ,
Healthy Coat Dog Supplement,$9.56 ,
Senior Dog Vitamin Chews,$9.66 ,
Kidney Support Liquid Dietary Supplement,$9.12 ,
Advance Pet Oral Care Toothbrush and Toothpaste,$9.55 ,
